fold_id,benchmark,training_prevalence,peak_threshold_kwh,validation_rows,validation_prevalence,pr_auc,roc_auc,brier_score,log_loss,recall_at_controlled_alert_rate,precision_at_controlled_alert_rate,controlled_alert_rate_realized,controlled_alert_count_equivalent,alert_probability_threshold,alert_cutoff_tie_weight,expected_calibration_error
1,training_prevalence,0.1704091341579448,83.7,1751,0.18446601941747573,0.18446601941747573,0.5,0.1506359031209468,0.47878261455944343,0.10000000000000002,0.18446601941747573,0.10000000000000002,175.10000000000002,0.1704091341579448,0.10000000000000002,0.014056885259530888
2,training_prevalence,0.17122656009837073,83.77,1751,0.1096516276413478,0.1096516276413478,0.5,0.10141962050403792,0.36072460096550746,0.10000000000000002,0.10965162764134781,0.10000000000000002,175.10000000000002,0.17122656009837073,0.10000000000000002,0.061574932457022905
3,training_prevalence,0.16886877089960037,83.02,1751,0.02227298686464877,0.02227298686464877,0.5,0.04326722481759813,0.22046327670749008,0.1,0.02227298686464877,0.10000000000000002,175.10000000000002,0.16886877089960037,0.10000000000000002,0.1465957840349516
4,training_prevalence,0.16511247288090436,80.85199999999998,1751,0.16333523700742433,0.16333523700742433,0.5,0.13665999592650285,0.4451707997874359,0.10000000000000003,0.16333523700742436,0.10000000000000002,175.10000000000002,0.16511247288090436,0.10000000000000002,0.0017772358734800264
